user,gender,age,country,time
05101d258a32f7f2fc57593a45722d2b896a4d2f,m,27.0,Brazil,"Jan 12, 2006"
00cea3f9ae84d466dc8cda584e27652c0b359b97,,49.0,Germany,"Mar 15, 2008"
0c7f916b32fca1be89c777f2f30f91dc6383dfba,m,26.0,Poland,"Jun 8, 2008"
0458c397b2741332d0d97d1c922c975d3de1ad1a,m,21.0,United States,"Dec 25, 2006"
083ce1a4d661c88dafe8940355ff8e0bf3176211,m,20.0,Austria,"Aug 22, 2007"
0b693c05ad30fbec114e4b83ba8171e90ac696ca,f,18.0,United States,"May 1, 2008"
01b26e78036535e91f07634d54b804c82e2406ea,m,,United Kingdom,"Oct 28, 2008"
0da7fb14b3816c60328bc34c4d3f17b1a58d0727,,,United Kingdom,"Aug 5, 2008"
08a6ce5b8c9c38368a98081a632563086481e65c,m,24.0,Spain,"May 13, 2008"
07529078b6dbfa764221c8c6be63a3c5ee6cf0d4,m,,Germany,"Jan 19, 2007"
02a6c95686fbd7476ce860afc8cb70da6e8223dc,m,43.0,Belgium,"Sep 20, 2008"
0117b5889463e8c7c695ba558ad057e7efaccc2e,m,30.0,United States,"Jun 14, 2007"
0d7bbc707475c6c690fd29b38014ee3999895630,m,25.0,France,"Jun 19, 2007"
00848c7942c5e4340ac8bee12e1573b7044588f4,m,16.0,Norway,"Mar 27, 2008"
04938194d5248856e337e0603c5dbaa502a7f940,m,,United States,"Jul 8, 2008"
0dc9c167dfca7d11e91b8e45dc917683bfb03b3a,f,22.0,Belarus,"Oct 22, 2008"
06728ba447eb3096c4397bf4998f7b3489049957,f,,Japan,"Aug 3, 2009"
07f9f17a204aa9bef15336cea3c042bc37a90717,m,32.0,Poland,"Mar 11, 2007"
03a830191e24c688c85a6f79684260139e70a3bb,m,20.0,Norway,"Feb 22, 2009"
0a9cb608e1a5e22a98a515d401d7194628d54e2f,m,31.0,Germany,"Apr 1, 2008"
0d1ef6fa20a01976b022712d88058f8407da5bcb,m,,United States,"Dec 16, 2005"
0346ae8f71ae5ac03b2ff4d67fe852633ab54af3,m,32.0,Brazil,"Jan 6, 2009"
0b23e1d453f946edb10b7e15f08c689e948416db,m,50.0,Netherlands,"Dec 20, 2008"
0318b9bacf28a6b4633002479826bf084801ec84,,,Australia,"Nov 1, 2008"
0d356c2a9b40903d39c3e246ef5361ee26e784a3,,2.0,Netherlands,"Oct 24, 2008"
062c3a27808341862c7203a95008d16de008258e,f,16.0,Brazil,"Mar 10, 2007"
0028a632f13bc492a040e5fcb011e99992b811f6,m,24.0,Slovenia,"Nov 5, 2005"
058af5a08aa4acd9e42c04083f0d11dd9119fdf7,m,24.0,Romania,"Feb 18, 2007"
084e1f19b3006e23281f6955c753a07873473645,m,,Japan,"Jul 26, 2008"
0d0fe8cea8080f0d602bd72c866a452660d60860,,,Poland,"Oct 5, 2008"
0a9964a6440fc748e75eeb774fd18a2768ce8b61,m,22.0,Indonesia,"Jan 11, 2007"
00b853397a79019699fba7ceb1dbb8e47ec94a67,f,26.0,United States,"Jan 8, 2007"
0979235e4ae0c7f5b89e9432863b9eb81961f794,m,46.0,Germany,"Dec 31, 2008"
008aa8eed9cb1bd8f04b3cd325702a0236762f5a,m,48.0,United States,"Jun 6, 2008"
00a41bc4ce19c07116b93430e8ccd41984fb2e2d,m,20.0,United States,"Mar 21, 2005"
